Trading Event,Trading Event Date,GDT-AMF Price Index,GDT-SMP Price Index,GDT-WMP Price Index,GDT Price Index,% Change AMF,% Change SMP,% Change WMP,% Change GDT
-113,01-01-1999,546.4994,478.7078,506.9503,521.7518,,,,
-112,01-02-1999,436.7185,466.9604,487.7477,497.1371,-0.2009,-0.0245,-0.0379,-0.0472
-111,01-03-1999,415.6475,466.9604,476.2261,489.0783,-0.0482,0,-0.0236,-0.0162
-110,01-04-1999,400.638,453.7445,460.8639,473.9355,-0.0361,-0.0283,-0.0323,-0.031
-109,01-05-1999,398.3288,449.3392,449.3423,465.6247,-0.0058,-0.0097,-0.025,-0.0175
-108,01-06-1999,398.3288,440.5286,445.5018,459.8633,0,-0.0196,-0.0085,-0.0124
-107,01-07-1999,378.5086,428.4875,445.5018,453.1807,-0.0498,-0.0273,0,-0.0145
-106,01-08-1999,379.2783,442.7313,445.5018,459.1742,0.002,0.0332,0,0.0132
-105,01-09-1999,380.1442,463.7004,445.5018,467.9751,0.0023,0.0474,0,0.0192
-104,01-10-1999,409.8746,480.1762,445.5018,477.339,0.0782,0.0355,0,0.02
-103,01-11-1999,409.8746,502.2026,457.0234,492.7895,0,0.0459,0.0259,0.0324
-102,01-12-1999,409.8746,502.2026,457.0234,492.7895,0,0,0,0
-101,01-01-2000,382.9345,533.0396,477.5063,514.5613,-0.0657,0.0614,0.0448,0.0442
-100,01-02-2000,357.9186,555.0661,491.5882,529.3946,-0.0653,0.0413,0.0295,0.0288
-99,01-03-2000,340.6,550.6608,491.5882,526.1519,-0.0484,-0.0079,0,-0.0061
-98,01-04-2000,340.6,548.4581,514.6314,537.7569,0,-0.004,0.0469,0.0221
-97,01-05-2000,342.0432,566.9604,514.6314,545.6477,0.0042,0.0337,0,0.0147
-96,01-06-2000,343.4864,632.1586,558.7975,597.1741,0.0042,0.115,0.0858,0.0944
-95,01-07-2000,347.335,698.9721,590.1619,642.807,0.0112,0.1057,0.0561,0.0764
-94,01-08-2000,349.2593,766.5198,612.1809,683.7255,0.0055,0.0966,0.0373,0.0637
-93,01-09-2000,349.2593,770.9251,606.8042,682.7896,0,0.0057,-0.0088,-0.0014
-92,01-10-2000,357.9186,779.7357,610.6447,689.3598,0.0248,0.0114,0.0063,0.0096
-91,01-11-2000,357.9186,775.3304,622.1663,693.5386,0,-0.0056,0.0189,0.0061
-90,01-12-2000,346.3729,788.5463,637.5285,706.3413,-0.0323,0.017,0.0247,0.0185
-89,01-01-2001,348.2972,788.5463,637.5285,706.5082,0.0056,0,0,0.0002
-88,01-02-2001,346.3729,779.7357,622.1663,694.439,-0.0055,-0.0112,-0.0241,-0.0171
-87,01-03-2001,346.3729,748.8987,633.6879,687.3925,0,-0.0395,0.0185,-0.0101
-86,01-04-2001,346.3729,753.304,633.6879,689.2543,0,0.0059,0,0.0027
-85,01-05-2001,346.3729,753.304,640.2168,692.7859,0,0,0.0103,0.0051
-84,01-06-2001,355.0322,753.304,645.2095,696.293,0.025,0,0.0078,0.0051
-83,01-07-2001,392.5559,747.4302,643.9293,696.6413,0.1057,-0.0078,-0.002,0.0005
-82,01-08-2001,401.2153,735.6828,629.8474,684.8631,0.0221,-0.0157,-0.0219,-0.0169
-81,01-09-2001,401.2153,726.8722,622.1663,677.0225,0,-0.012,-0.0122,-0.0114
-80,01-10-2001,353.589,700.4405,604.8839,652.3821,-0.1187,-0.0364,-0.0278,-0.0364
-79,01-11-2001,343.4864,660.793,572.2394,617.2846,-0.0286,-0.0566,-0.054,-0.0538
-78,01-12-2001,311.7356,605.7269,522.3125,564.275,-0.0924,-0.0833,-0.0872,-0.0859
-77,01-01-2002,315.5842,566.8135,490.308,531.1722,0.0123,-0.0642,-0.0613,-0.0587
-76,01-02-2002,317.5085,522.0264,445.5018,488.3616,0.0061,-0.079,-0.0914,-0.0806
-75,01-03-2002,303.0763,480.1762,414.7776,453.1122,-0.0455,-0.0802,-0.069,-0.0722
-74,01-04-2002,300.1898,460.3524,407.0965,440.7165,-0.0095,-0.0413,-0.0185,-0.0274
-73,01-05-2002,300.1898,444.9339,395.5749,428.1402,0,-0.0335,-0.0283,-0.0285
-72,01-06-2002,300.1898,436.1233,380.2128,415.9561,0,-0.0198,-0.0388,-0.0285
-71,01-07-2002,300.1898,424.3759,380.2128,411.3759,0,-0.0269,0,-0.011
-70,01-08-2002,288.6441,422.9075,374.452,406.3886,-0.0385,-0.0035,-0.0152,-0.0121
-69,01-09-2002,303.0763,444.9339,391.7344,426.2392,0.05,0.0521,0.0462,0.0488
-68,01-10-2002,305.9627,482.3789,426.2992,460.7877,0.0095,0.0842,0.0882,0.0811
-67,01-11-2002,325.8792,528.6344,458.9437,499.4846,0.0651,0.0959,0.0766,0.084
-66,01-12-2002,329.0542,555.0661,485.8274,525.3604,0.0097,0.05,0.0586,0.0518
-65,01-01-2003,334.8271,602.0558,531.2737,570.0948,0.0175,0.0847,0.0935,0.0851
-64,01-02-2003,323.2814,621.1454,551.1165,587.7234,-0.0345,0.0317,0.0373,0.0309
-63,01-03-2003,369.4644,616.7401,560.7178,595.5762,0.1429,-0.0071,0.0174,0.0134
-62,01-04-2003,369.4644,607.9295,547.2759,584.5893,0,-0.0143,-0.024,-0.0184
-61,01-05-2003,369.4644,599.1189,535.7543,574.6556,0,-0.0145,-0.0211,-0.017
-60,01-06-2003,375.2373,599.1189,533.8341,574.1529,0.0156,0,-0.0036,-0.0009
-59,01-07-2003,386.7831,599.1189,526.153,571.0755,0.0308,0,-0.0144,-0.0054
-58,01-08-2003,395.4424,599.1189,522.3125,569.8121,0.0224,0,-0.0073,-0.0022
-57,01-09-2003,432.9661,612.3348,533.8341,585.0543,0.0949,0.0221,0.0221,0.0267
-56,01-10-2003,432.9661,634.3612,553.0367,604.6573,0,0.036,0.036,0.0335
-55,01-11-2003,432.9661,634.3612,553.0367,604.6573,0,0,0,0
-54,01-12-2003,432.9661,638.7665,556.8773,608.5822,0,0.0069,0.0069,0.0065
-53,01-01-2004,421.4203,647.5771,565.8385,616.0686,-0.0267,0.0138,0.0161,0.0123
-52,01-02-2004,427.1932,651.9824,568.3989,619.8253,0.0137,0.0068,0.0045,0.0061
-51,01-03-2004,438.739,651.9824,576.0799,625.1313,0.027,0,0.0135,0.0086
-50,01-04-2004,438.739,651.9824,576.0799,625.1313,0,0,0,0
-49,01-05-2004,450.2847,687.2247,599.1231,653.3538,0.0263,0.0541,0.04,0.0451
-48,01-06-2004,479.1492,722.467,629.8474,687.4097,0.0641,0.0513,0.0513,0.0521
-47,01-07-2004,515.7107,740.0881,645.2095,706.5383,0.0763,0.0244,0.0244,0.0278
-46,01-08-2004,519.5593,740.0881,645.2095,706.8999,0.0075,0,0,0.0005
-45,01-09-2004,519.5593,740.0881,645.2095,706.8999,0,0,0,0
-44,01-10-2004,525.3322,766.5198,652.8906,722.2771,0.0111,0.0357,0.0119,0.0218
-43,01-11-2004,562.8559,775.3304,683.6149,746.7318,0.0714,0.0115,0.0471,0.0339
-42,01-12-2004,554.1966,775.3304,683.6149,745.9152,-0.0154,0,0,-0.0011
-41,01-01-2005,526.2944,781.2041,693.8563,751.416,-0.0503,0.0076,0.015,0.0074
-40,01-02-2005,539.7644,784.141,698.977,756.7172,0.0256,0.0038,0.0074,0.0071
-39,01-03-2005,574.4017,784.141,691.2959,755.5695,0.0642,0,-0.011,-0.0015
-38,01-04-2005,577.2881,775.3304,683.6149,747.975,0.005,-0.0112,-0.0111,-0.0101
-37,01-05-2005,568.6288,766.5198,683.6149,743.6942,-0.015,-0.0114,0,-0.0057
-36,01-06-2005,597.4932,775.3304,683.6149,749.8255,0.0508,0.0115,0,0.0082
-35,01-07-2005,617.6983,787.0778,693.8563,762.1466,0.0338,0.0152,0.015,0.0164
-34,01-08-2005,597.4932,801.7621,706.6581,773.3669,-0.0327,0.0187,0.0185,0.0147
-33,01-09-2005,585.9475,803.9648,710.4986,775.3455,-0.0193,0.0027,0.0054,0.0026
-32,01-10-2005,588.8339,792.9515,706.6581,769.0439,0.0049,-0.0137,-0.0054,-0.0081
-31,01-11-2005,588.8339,788.5463,697.0567,761.8605,0,-0.0056,-0.0136,-0.0093
-30,01-12-2005,588.8339,766.5198,691.2959,749.8152,0,-0.0279,-0.0083,-0.0158
-29,01-01-2006,571.5153,762.1145,668.2527,733.3685,-0.0294,-0.0057,-0.0333,-0.0219
-28,01-02-2006,571.5153,768.7225,672.0933,738.175,0,0.0087,0.0057,0.0066
-27,01-03-2006,559.9695,757.7093,663.132,727.7052,-0.0202,-0.0143,-0.0133,-0.0142
-26,01-04-2006,539.7644,735.6828,649.0501,709.2799,-0.0361,-0.0291,-0.0212,-0.0253
-25,01-05-2006,532.5483,731.2775,645.2095,704.7307,-0.0134,-0.006,-0.0059,-0.0064
-24,01-06-2006,519.5593,722.467,633.6879,693.4718,-0.0244,-0.012,-0.0179,-0.016
-23,01-07-2006,519.5593,731.2775,645.2095,703.6777,0,0.0122,0.0182,0.0147
-22,01-08-2006,519.5593,737.1512,642.6492,704.3707,0,0.008,-0.004,0.001
-21,01-09-2006,525.3322,766.5198,637.5285,712.9529,0.0111,0.0398,-0.008,0.0122
-20,01-10-2006,525.3322,797.3568,664.4122,740.6068,0,0.0402,0.0422,0.0388
-19,01-11-2006,525.3322,920.7048,733.5418,828.6345,0,0.1547,0.104,0.1189
-18,01-12-2006,542.6508,995.5947,825.7146,912.7233,0.033,0.0813,0.1257,0.1015
-17,01-01-2007,542.6508,1026.4317,875.6415,953.6757,0,0.031,0.0605,0.0449
-16,01-02-2007,548.4237,1101.3216,937.09,1018.8889,0.0106,0.073,0.0702,0.0684
-15,01-03-2007,588.8339,1168.8693,990.8575,1079.8065,0.0737,0.0613,0.0574,0.0598
-14,01-04-2007,689.8593,1356.8282,1182.8841,1273.0354,0.1716,0.1608,0.1938,0.1789
-13,01-05-2007,750.4746,1480.1762,1236.6516,1357.5969,0.0879,0.0909,0.0455,0.0664
-12,01-06-2007,1013.1407,1691.63,1355.7081,1532.819,0.35,0.1429,0.0963,0.1291
-11,01-07-2007,1287.3525,1814.978,1428.6782,1648.0368,0.2707,0.0729,0.0538,0.0752
-10,01-08-2007,1366.2486,1791.4831,1459.4025,1662.7628,0.0613,-0.0129,0.0215,0.0089
-9,01-09-2007,1431.6746,1744.4934,1459.4025,1649.5516,0.0479,-0.0262,0,-0.0079
-8,01-10-2007,1431.6746,1762.1145,1520.851,1691.2701,0,0.0101,0.0421,0.0253
-7,01-11-2007,1356.6271,1735.6828,1497.8078,1661.1854,-0.0524,-0.015,-0.0152,-0.0178
-6,01-12-2007,1194.9864,1629.9559,1474.7646,1592.1671,-0.1191,-0.0609,-0.0154,-0.0415
-5,01-01-2008,1123.7876,1503.6711,1392.8333,1488.9243,-0.0596,-0.0775,-0.0556,-0.0648
-4,01-02-2008,1125.7119,1409.6916,1397.954,1453.7081,0.0017,-0.0625,0.0037,-0.0237
-3,01-03-2008,1174.7814,1330.3965,1459.4025,1459.4727,0.0436,-0.0563,0.044,0.004
-2,01-04-2008,1177.6678,1233.4802,1397.954,1385.158,0.0025,-0.0728,-0.0421,-0.0509
-1,01-05-2008,1171.8949,1224.6696,1382.5918,1372.4345,-0.0049,-0.0071,-0.011,-0.0092
0,01-06-2008,1183.4407,1224.6696,1351.8676,1355.9092,0.0099,0,-0.0222,-0.012
1,02-07-2008,1198.835,1268.7225,1344.5,1369.1,0.013,0.036,-0.0051,0.0097
2,05-08-2008,1096.8475,1211.4537,1170.8,1192.2,-0.0851,-0.0451,-0.1292,-0.1292
3,02-09-2008,1030.4593,1066.0793,1005.1,1023.5,-0.0605,-0.12,-0.1415,-0.1415
4,01-10-2008,972.7305,916.2996,887,903.2,-0.056,-0.1405,-0.1176,-0.1176
5,04-11-2008,839.9542,775.3304,786.9,801.3,-0.1365,-0.1538,-0.1128,-0.1128
6,02-12-2008,782.2254,704.8458,678.1,690.5,-0.0687,-0.0909,-0.1383,-0.1383
7,06-01-2009,736.0424,643.1718,619.8,631.1,-0.059,-0.0875,-0.086,-0.086
8,03-02-2009,692.7458,616.7401,569.2,579.7,-0.0588,-0.0411,-0.0816,-0.0816
9,03-03-2009,692.7458,638.7665,669,681.3,0,0.0357,0.1753,0.1753
10,01-04-2009,692.7458,698.9721,685.2,697.7,0,0.0943,0.0241,0.0241
11,12-05-2009,725.9398,704.8458,657.4,669.5,0.0479,0.0084,-0.0405,-0.0405
12,02-06-2009,743.2585,709.2511,580.1,590.7,0.0239,0.0062,-0.1176,-0.1176
13,01-07-2009,750.4746,709.2511,563,573.3,0.0097,0,-0.0295,-0.0295
14,04-08-2009,780.7822,731.2775,699.7,712.5,0.0404,0.0311,0.2428,0.2428
15,01-09-2009,842.8407,825.9912,866.7,882.6,0.0795,0.1295,0.2388,0.2388
16,06-10-2009,1012.1785,954.4787,920.7,937.6,0.2009,0.1556,0.0623,0.0623
17,03-11-2009,1192.1,1189.4273,1046,1065.2,0.1777,0.2462,0.1361,0.1361
18,01-12-2009,1090.5,1189.4273,1085.6,1083.3,-0.0853,0,0.0379,0.017
19,05-01-2010,1138.6,1079.2952,1006.4,1024.9,0.0442,-0.0926,-0.073,-0.0538
20,02-02-2010,1060.1,969.163,989.2,998.9,-0.069,-0.102,-0.0171,-0.0254
21,02-03-2010,1000,1000,1000,1000,-0.0567,0.0318,0.0109,0.0011
22,06-04-2010,1224.3,1248.4,1219.8,1226.4,0.2243,0.2484,0.2198,0.2264
23,04-05-2010,1280.1,1230.5,1202.1,1217.9,0.0456,-0.0143,-0.0145,-0.007
24,01-06-2010,1355.3,1153.3,1163.6,1185.5,0.0587,-0.0627,-0.032,-0.0265
25,06-07-2010,1163.7,1017.5,991,1019.6,-0.1413,-0.1178,-0.1484,-0.14
26,03-08-2010,1074.7,923.7,912.9,936.8,-0.0765,-0.0922,-0.0788,-0.0812
27,01-09-2010,1178.2,1069.8,1085.1,1092,0.0963,0.1582,0.1886,0.1657
28,15-09-2010,1299.7,1079,1102.6,1118.4,0.1031,0.0086,0.0161,0.0241
29,05-10-2010,1317.7,1069.8,1079.7,1104.1,0.0139,-0.0085,-0.0208,-0.0127
30,19-10-2010,1300,1020.2,1067.8,1083.8,-0.0134,-0.0464,-0.011,-0.0185
31,02-11-2010,1371.5,1007.8,1068,1086.6,0.055,-0.0122,0.0002,0.0026
32,16-11-2010,1346.7,1028.8,1053.2,1078,-0.0181,0.0209,-0.0139,-0.0079
33,01-12-2010,1351.1,1034.2,1080.8,1098.6,0.0033,0.0052,0.0263,0.0191
34,15-12-2010,1360.6,1059.3,1108.5,1123.5,0.007,0.0243,0.0256,0.0226
35,04-01-2011,1506.3,1174.5,1149.9,1188.2,0.107,0.1087,0.0374,0.0576
36,18-01-2011,1501.4,1202.2,1155.7,1197,-0.0032,0.0236,0.005,0.0074
37,01-02-2011,1639,1305.9,1221.6,1277.4,0.0916,0.0863,0.0571,0.0671
38,15-02-2011,1599.3,1314.1,1317.8,1336.1,-0.0242,0.0063,0.0787,0.046
39,01-03-2011,1617.8,1345.9,1444.1,1418.5,0.0116,0.0242,0.0959,0.0617
40,15-03-2011,1544.8,1282.9,1279.3,1300.1,-0.0451,-0.0468,-0.1141,-0.0835
41,05-04-2011,1518,1301.5,1207.3,1251.2,-0.0174,0.0145,-0.0563,-0.0377
42,19-04-2011,1505.2,1293.8,1217.2,1252.9,-0.0084,-0.0059,0.0082,0.0014
43,03-05-2011,1435.7,1327.9,1196.4,1227.3,-0.0462,0.0264,-0.0171,-0.0204
44,17-05-2011,1352.9,1308.6,1197.8,1199.8,-0.0576,-0.0146,0.0011,-0.0224
45,01-06-2011,1436.4,1480.6,1161,1220.4,0.0617,0.1315,-0.0307,0.0172
46,15-06-2011,1351.1,1373.9,1191,1211.3,-0.0594,-0.0721,0.0258,-0.0075
47,05-07-2011,1332.4,1275.5,1109.7,1146.2,-0.0139,-0.0716,-0.0682,-0.0538
48,19-07-2011,1165.9,1208.7,1065.3,1076.1,-0.1249,-0.0524,-0.04,-0.0612
49,02-08-2011,1081.5,1192.3,1061.9,1054.3,-0.0724,-0.0136,-0.0032,-0.0202
50,16-08-2011,1078.4,1183,1038,1041,-0.0029,-0.0078,-0.0226,-0.0126
51,06-09-2011,1100.2,1188.3,1021.9,1033.4,0.0202,0.0044,-0.0155,-0.0073
52,20-09-2011,976.3,1114,1033.1,1007.3,-0.1126,-0.0625,0.011,-0.0253
53,04-10-2011,942.3,1110,1025.8,994.1,-0.0348,-0.0036,-0.007,-0.0131
54,18-10-2011,926.3,1143.9,1084.8,1018.7,-0.017,0.0306,0.0575,0.0247
55,01-11-2011,840,1147.2,1076.4,1000.3,-0.0931,0.0028,-0.0077,-0.0181
56,15-11-2011,907.5,1167.7,1102.5,1031.9,0.0803,0.0179,0.0242,0.0317
57,06-12-2011,1016.8,1197.3,1124.9,1067.8,0.1204,0.0254,0.0203,0.0348
58,20-12-2011,1064.9,1158.4,1107.9,1053.4,0.0474,-0.0325,-0.0151,-0.0135
59,03-01-2012,1010.9,1151.3,1099.1,1040.9,-0.0507,-0.0062,-0.008,-0.0119
60,17-01-2012,1039.1,1182.2,1099.5,1050.9,0.0278,0.0269,0.0004,0.0096
61,01-02-2012,1002.6,1177.2,1090,1035.9,-0.0351,-0.0043,-0.0087,-0.0143
62,15-02-2012,897,1146.3,1057.5,997.2,-0.1053,-0.0263,-0.0298,-0.0374
63,06-03-2012,930.5,1123.5,1055,993.2,0.0373,-0.0199,-0.0023,-0.004
64,20-03-2012,841.7,1101.5,1027.3,942.3,-0.0955,-0.0196,-0.0263,-0.0512
65,03-04-2012,911.6,1093.2,998.4,948.3,0.0831,-0.0075,-0.0282,0.0064
66,17-04-2012,848.6,1010.6,888.3,854.5,-0.0691,-0.0756,-0.1102,-0.0989
67,01-05-2012,735.2,963.7,868.3,820.1,-0.1337,-0.0463,-0.0225,-0.0403
68,15-05-2012,648,910.6,790.7,756.6,-0.1185,-0.0551,-0.0894,-0.0774
69,05-06-2012,809.6,1105.4,858,857.4,0.2494,0.2139,0.0851,0.1331
70,19-06-2012,801.9,1055,880.9,857,-0.0096,-0.0456,0.0267,-0.0005
71,03-07-2012,717,952.5,844.7,805.2,-0.1059,-0.0972,-0.0411,-0.0604
72,17-07-2012,740.8,999.6,795.5,795.9,0.0332,0.0495,-0.0582,-0.0116
73,01-08-2012,731.6,1032.3,823,819.3,-0.0124,0.0327,0.0345,0.0294
74,15-08-2012,832.9,1107.1,880.8,884.9,0.1384,0.0725,0.0702,0.0801
75,04-09-2012,930.9,1190.9,919,941.6,0.1177,0.0757,0.0434,0.064
76,18-09-2012,839.8,1245.9,938,951.3,-0.0979,0.0462,0.0206,0.0103
77,02-10-2012,786.3,1234.2,963.8,949.9,-0.0637,-0.0094,0.0275,-0.0014
78,16-10-2012,761.9,1244.4,1052.4,994.1,-0.031,0.0082,0.0919,0.0465
79,06-11-2012,802.7,1291.4,1026.6,994.2,0.0536,0.0378,-0.0245,0.0001
80,20-11-2012,812.4,1271,1007.6,986.7,0.012,-0.0158,-0.0185,-0.0075
81,04-12-2012,842.8,1256.1,972.8,966.1,0.0375,-0.0117,-0.0346,-0.0209
82,18-12-2012,841.7,1272.6,967.3,969.1,-0.0014,0.0131,-0.0056,0.0031
83,02-01-2013,839.7,1331.4,982.5,985,-0.0023,0.0462,0.0157,0.0164
84,16-01-2013,860.2,1326.6,1010.2,1004.1,0.0244,-0.0036,0.0282,0.0193
85,05-02-2013,922.3,1334.8,1064.3,1046.7,0.0723,0.0062,0.0535,0.0424
86,19-02-2013,959.2,1347.2,1126.2,1089.7,0.04,0.0093,0.0582,0.0411
87,05-03-2013,1006.4,1410.4,1328.6,1214.7,0.0491,0.0469,0.1797,0.1148
88,19-03-2013,1170.2,1518.2,1604.6,1392.6,0.1628,0.0764,0.2078,0.1465
89,02-04-2013,1249.6,1951.6,1719,1548.6,0.0679,0.2855,0.0713,0.112
90,16-04-2013,1323.8,1875.4,1762.3,1572.8,0.0594,-0.039,0.0251,0.0156
91,01-05-2013,1253.6,1691.3,1584.4,1437.2,-0.053,-0.0982,-0.1009,-0.0862
92,15-05-2013,1253,1639.6,1557.4,1400,-0.0005,-0.0305,-0.0171,-0.0259
93,04-06-2013,1193.3,1592.9,1448.7,1325.2,-0.0476,-0.0285,-0.0698,-0.0534
94,18-06-2013,1215.3,1640.9,1481,1357.6,0.0184,0.0302,0.0223,0.0244
95,02-07-2013,1226.7,1693.3,1482.9,1367.6,0.0094,0.0319,0.0013,0.0074
96,16-07-2013,1271.6,1751.4,1595.9,1439.4,0.0366,0.0343,0.0762,0.0525
97,06-08-2013,1209.2495,1698.0363,1570.1231,1405.3248,-0.049,-0.03,-0.016,-0.0236
98,20-08-2013,1295.2914,1685.3984,1612.3129,1437.7734,0.071,-0.007,0.027,0.0231
99,03-09-2013,1335.0622,1672.7319,1584.5392,1422.2763,0.031,-0.008,-0.017,-0.0108
100,17-09-2013,1291.5745,1644.2086,1602.3242,1426.1386,-0.033,-0.017,0.011,0.0027
101,01-10-2013,1326.1876,1708.8689,1639.0861,1460.2111,0.027,0.039,0.023,0.0239
102,15-10-2013,1310.7708,1720.5529,1590.9166,1432.44,-0.012,0.007,-0.029,-0.019
103,05-11-2013,1401.3883,1729.7488,1531.7149,1406.3283,0.069,0.005,-0.037,-0.0182
104,19-11-2013,1378.312,1741.6687,1531.4509,1407.9463,-0.016,0.007,0,0.0012
105,03-12-2013,1416.173,1839.5937,1583.8021,1462.8837,0.027,0.056,0.034,0.039
106,17-12-2013,1478.7281,1870.4528,1559.9888,1466.2032,0.044,0.017,-0.015,0.0023
107,07-01-2014,1451.9504,1806.9415,1550.8522,1454.9233,-0.018,-0.034,-0.006,-0.0077
108,21-01-2014,1483.87,1798.2883,1553.1168,1474.7992,0.022,-0.005,0.001,0.0137
109,04-02-2014,1465.802,1797.6031,1574.3055,1481.8843,-0.012,0,0.014,0.0048
110,18-02-2014,1400.0357,1795.1088,1569.2632,1463.4674,-0.045,-0.001,-0.003,-0.0124
111,04-03-2014,1350.4265,1725.9085,1480.4582,1404.3385,-0.035,-0.039,-0.057,-0.0404
112,18-03-2014,1205.83,1696.6335,1394.4697,1331.7905,-0.107,-0.017,-0.058,-0.0517
113,01-04-2014,1069.9233,1534.2261,1276.6372,1213.4144,-0.113,-0.096,-0.084,-0.0889
114,15-04-2014,1076.2632,1467.245,1255.5738,1181.6406,0.006,-0.044,-0.016,-0.0262
115,06-05-2014,1102.3425,1434.1064,1234.1307,1168.8604,0.024,-0.023,-0.017,-0.0108
116,20-05-2014,1123.0479,1383.3956,1220.5817,1147.5184,0.019,-0.035,-0.011,-0.0183
117,03-06-2014,1066.5339,1412.3497,1116.6085,1099.4097,-0.05,0.021,-0.085,-0.0419
118,17-06-2014,1026.1309,1409.6712,1143.286,1109.2873,-0.038,-0.002,0.024,0.009
119,01-07-2014,950.6067,1397.1543,1081.1157,1055.048,-0.074,-0.009,-0.054,-0.0489
120,15-07-2014,855.0949,1297.3069,962.931,961.255,-0.1,-0.071,-0.109,-0.0889
121,05-08-2014,906.0706,1213.0002,851.8845,880.1724,0.06,-0.065,-0.115,-0.0844
122,19-08-2014,938.751,1067.6652,880.4984,874.8034,0.036,-0.12,0.034,-0.0061
123,02-09-2014,883.9312,965.7377,842.7953,822.0491,-0.058,-0.095,-0.043,-0.0603
124,16-09-2014,864.3832,974.2157,848.0161,822.0069,-0.022,0.009,0.006,-0.0001
125,01-10-2014,821.1131,947.8363,762.9924,762.3079,-0.05,-0.027,-0.1,-0.0726
126,15-10-2014,881.5573,913.7871,786.835,773.2648,0.074,-0.036,0.031,0.0144
127,04-11-2014,867.3026,902.5706,799.6638,770.9918,-0.016,-0.012,0.016,-0.0029
128,18-11-2014,920.5726,851.1599,759.2195,747.3046,0.061,-0.057,-0.051,-0.0307
129,02-12-2014,1003.7606,899.425,705.0896,739.2976,0.09,0.057,-0.071,-0.0107
130,16-12-2014,1112.2013,870.7049,715.2801,756.9822,0.108,-0.032,0.014,0.0239
131,06-01-2015,1187.5495,894.9205,726.7795,783.8974,0.068,0.028,0.016,0.0356
132,20-01-2015,1128.6475,903.5489,754.4352,791.8527,-0.05,0.01,0.038,0.0101
133,03-02-2015,1067.5025,964.3657,899.5163,866.2889,-0.054,0.067,0.192,0.094
134,17-02-2015,1135.8472,1019.7995,1023.1281,954.0813,0.064,0.057,0.137,0.1013
135,03-03-2015,1110.3272,1080.1056,1012.6991,964.8997,-0.022,0.059,-0.01,0.0113
136,17-03-2015,1017.5525,1020.2393,915.7326,880.2925,-0.084,-0.055,-0.096,-0.0877
137,01-04-2015,963.9288,919.5586,794.3883,785.0983,-0.053,-0.099,-0.133,-0.1081
138,15-04-2015,986.4112,847.757,760.3444,756.7613,0.023,-0.078,-0.043,-0.0361
139,05-05-2015,924.3032,784.5639,746.4379,729.9571,-0.063,-0.075,-0.018,-0.0354
140,19-05-2015,880.3028,756.6897,742.6373,713.8742,-0.048,-0.036,-0.005,-0.022
141,02-06-2015,814.9966,746.6851,719.2898,682.9162,-0.074,-0.013,-0.031,-0.0434
142,16-06-2015,742.2431,745.0311,718.6378,673.8445,-0.089,-0.002,-0.001,-0.0133
143,01-07-2015,754.4824,701.5724,640.7215,633.8624,0.016,-0.058,-0.108,-0.0593
144,15-07-2015,674.6625,630.3662,556.6838,565.9327,-0.106,-0.101,-0.131,-0.1072
145,04-08-2015,595.6099,539.7008,499.4818,513.5324,-0.117,-0.144,-0.103,-0.0926
146,18-08-2015,754.0007,585.4311,594.7272,589.5228,0.266,0.085,0.191,0.148
147,01-09-2015,842.3182,654.1437,666.6365,653.7974,0.117,0.117,0.121,0.109
148,15-09-2015,957.7756,765.6117,804.254,761.4894,0.137,0.17,0.206,0.1647
149,06-10-2015,1052.8651,868.1849,907.751,837.093,0.099,0.134,0.129,0.0993
150,20-10-2015,1078.1995,828.785,866.2696,811.3848,0.024,-0.045,-0.046,-0.0307
151,03-11-2015,1016.4703,762.8784,796.6118,751.0819,-0.057,-0.08,-0.08,-0.0743
152,17-11-2015,956.3686,700.7489,709.2125,691.8783,-0.059,-0.081,-0.11,-0.0788
153,01-12-2015,978.5799,723.3515,746.6293,716.5863,0.023,0.032,0.053,0.0357
154,15-12-2015,1038.3918,724.6835,760.1245,730.4417,0.061,0.002,0.018,0.0193
155,05-01-2016,1009.938,719.162,726.6378,718.3976,-0.027,-0.008,-0.044,-0.0165
156,19-01-2016,1033.7066,695.8968,722.865,708.3143,0.024,-0.032,-0.005,-0.014
157,02-02-2016,965.9008,680.8831,648.0174,656.0329,-0.066,-0.022,-0.104,-0.0738
158,16-02-2016,980.4762,671.0452,623.9198,637.5158,0.015,-0.014,-0.037,-0.0282
159,01-03-2016,899.316,680.066,658.388,646.314,-0.083,0.013,0.055,0.0138
160,15-03-2016,841.17,663.055,652.836,627.853,-0.065,-0.025,-0.008,-0.0286
161,05-04-2016,897.201,663.728,662.459,641.316,0.067,0.001,0.015,0.0214
162,19-04-2016,911.497,665.805,711.997,665.915,0.016,0.003,0.075,0.0384
163,03-05-2016,896.86,641.581,716.97,656.482,-0.016,-0.036,0.007,-0.0142
164,17-05-2016,940.96,635.948,738.778,673.786,0.049,-0.009,0.03,0.0264
165,01-06-2016,967.684,712.938,726.451,696.533,0.028,0.121,-0.017,0.0338
166,15-06-2016,1009.95,723.461,693.773,696.421,0.044,0.015,-0.045,-0.0002
167,05-07-2016,1021.15,742.017,682.481,693.699,0.011,0.026,-0.016,-0.0039
168,19-07-2016,1023.48,733.702,695.664,693.491,0.002,-0.011,0.019,-0.0003
169,02-08-2016,1071.51,749.064,764.247,739.114,0.047,0.021,0.099,0.0658
170,16-08-2016,1161.27,771.815,908.338,833.085,0.084,0.03,0.189,0.1271
171,06-09-2016,1340.25,848.965,942.319,897.583,0.154,0.1,0.037,0.0774
172,20-09-2016,1402.47,874.371,939.989,912.505,0.046,0.03,-0.002,0.0166
173,04-10-2016,1388.88,840.181,904.37,885.279,-0.01,-0.039,-0.038,-0.0298
174,18-10-2016,1404.33,837.388,930.684,898.075,0.011,-0.003,0.029,0.0145
175,01-11-2016,1440.66,892.231,1115.23,1000.6,0.026,0.065,0.198,0.1142
176,15-11-2016,1504.58,979.846,1151.31,1046.1,0.044,0.098,0.032,0.0455
177,06-12-2016,1548.39,993.948,1207.66,1082.28,0.029,0.014,0.049,0.0346
178,20-12-2016,1512.14,993.921,1198.56,1076.46,-0.023,0,-0.008,-0.0054
179,03-01-2017,1503.54,1016.45,1106.24,1034.05,-0.006,0.023,-0.077,-0.0394
180,17-01-2017,1559.7,999.705,1105.62,1040.42,0.037,-0.016,-0.001,0.0062
181,07-02-2017,1621.81,1001.06,1117.16,1053.55,0.04,0.001,0.01,0.0126
182,21-02-2017,1600.21,962.574,1076.13,1019.5,-0.013,-0.038,-0.037,-0.0323
183,07-03-2017,1586.69,813.772,942.934,955.261,-0.008,-0.155,-0.124,-0.063
184,21-03-2017,1634.71,731.776,970.55,971.566,0.03,-0.101,0.029,0.0171
185,04-04-2017,1675,726.225,993.647,987.265,0.025,-0.008,0.024,0.0162
186,18-04-2017,1665.93,778.131,1028.45,1018.15,-0.005,0.071,0.035,0.0313
187,02-05-2017,1743.84,771.016,1081.69,1055.21,0.047,-0.009,0.052,0.0364
188,16-05-2017,1887.44,778.706,1096.27,1089.16,0.082,0.01,0.013,0.0322
189,06-06-2017,1864.88,840.381,1064.48,1095.75,-0.012,0.079,-0.029,0.0061
190,20-06-2017,1947.22,851.94,1029.09,1086.49,0.044,0.014,-0.033,-0.0085
191,04-07-2017,1878.82,813.809,1055.57,1082.14,-0.035,-0.045,0.026,-0.004
192,18-07-2017,1874.33,787.599,1059.07,1084.37,-0.002,-0.032,0.003,0.0021
193,01-08-2017,1782.73,763.948,1073.18,1067.3,-0.049,-0.03,0.013,-0.0157
194,15-08-2017,1761.18,766.199,1067.24,1062.62,-0.012,0.003,-0.006,-0.0044
195,05-09-2017,1825.44,756.714,1050.23,1065.84,0.036,-0.012,-0.016,0.003
196,19-09-2017,1922.08,747.95,1056.8,1075.16,0.053,-0.012,0.006,0.0087
197,03-10-2017,1856.72,737.655,1027.9,1049.6,-0.034,-0.014,-0.027,-0.0238
198,17-10-2017,1952.53,696.564,1023.22,1039.11,0.052,-0.056,-0.005,-0.01
199,07-11-2017,1961.37,704.851,966.923,1002.97,0.005,0.012,-0.055,-0.0348
200,21-11-2017,1961.13,658.808,941.259,969.086,0,-0.065,-0.027,-0.0338
201,05-12-2017,1948.52,689.729,957.24,972.972,-0.006,0.047,0.017,0.004
202,19-12-2017,1818.19,656.947,933.54,934.701,-0.067,-0.048,-0.025,-0.0393
203,02-01-2018,1815.4,667.723,972.854,955.082,-0.002,0.016,0.042,0.0218
204,16-01-2018,1855.39,710.884,1022.22,1002.22,0.022,0.065,0.051,0.0494
205,06-02-2018,1864.05,762.057,1100.39,1061.22,0.005,0.072,0.076,0.0589
206,20-02-2018,1829.42,738.846,1103.47,1055.45,-0.019,-0.03,0.003,-0.0054
207,06-03-2018,1770.05,779.748,1094.1,1049.15,-0.032,0.055,-0.008,-0.006
208,20-03-2018,1769.19,712.773,1095.23,1036.49,0,-0.086,0.001,-0.0121
209,03-04-2018,1645.06,699.707,1112.72,1029.95,-0.07,-0.018,0.016,-0.0063
210,17-04-2018,1732,724.734,1122.72,1057.39,0.053,0.036,0.009,0.0266
211,01-05-2018,1699.51,750.686,1105.35,1045.83,-0.019,0.036,-0.015,-0.0109
212,15-05-2018,1797.51,773.108,1107.07,1065.36,0.058,0.03,0.002,0.0187
213,05-06-2018,1766.66,775.774,1094.41,1051.39,-0.017,0.003,-0.011,-0.0131
214,19-06-2018,1722.85,766.999,1083.85,1038.34,-0.025,-0.011,-0.01,-0.0124
215,03-07-2018,1693.85,731.977,1004.54,986.331,-0.017,-0.046,-0.073,-0.0501
216,17-07-2018,1605.72,737.503,1019.98,969.624,-0.052,0.008,0.015,-0.0169
217,07-08-2018,1625.67,735.411,1020.81,969.942,0.012,-0.003,0.001,0.0003
218,21-08-2018,1513.4,726.098,999.134,934.947,-0.069,-0.013,-0.021,-0.0361
219,04-09-2018,1515.81,742.369,977.283,928.104,0.002,0.022,-0.022,-0.0073
220,18-09-2018,1506.81,734.385,959.466,915.583,-0.006,-0.011,-0.018,-0.0135
221,02-10-2018,1441.14,732.157,947.593,897.875,-0.044,-0.003,-0.012,-0.0193
222,16-10-2018,1455.05,731.914,939.042,895.604,0.01,0,-0.009,-0.0025
223,06-11-2018,1435.89,740.762,911.799,877.339,-0.013,0.012,-0.029,-0.0204
224,20-11-2018,1301.5,729.119,895.736,846.455,-0.094,-0.016,-0.018,-0.0352
225,04-12-2018,1351.82,731.28,918.375,865.026,0.039,0.003,0.025,0.0219
226,18-12-2018,1406.13,756.415,920.74,879.462,0.04,0.034,0.003,0.0167
227,02-01-2019,1461.26,816.391,932.202,904.272,0.039,0.079,0.012,0.0282
228,15-01-2019,1508.24,900.17,960.28,941.801,0.032,0.103,0.03,0.0415
229,06-02-2019,1595.16,935.534,1040.6,1004.93,0.058,0.039,0.084,0.067
230,19-02-2019,1605.89,961.331,1044.17,1014.43,0.007,0.028,0.003,0.0095
231,05-03-2019,1667.8586,919.7439,1106.4391,1047.875,0.039,-0.043,0.06,0.033
232,19-03-2019,1616.96,897.429,1150.39,1067.77,-0.031,-0.024,0.04,0.019
233,02-04-2019,1677.03,913.932,1135.26,1076.27,0.037,0.018,-0.013,0.008
234,16-04-2019,1746.85,916.04,1127.4,1081.68,0.042,0.002,-0.007,0.005
235,07-05-2019,1771.07,941.961,1121.36,1085.91,0.014,0.028,-0.005,0.0039
236,21-05-2019,1746.34,946.537,1097.43,1073.41,-0.014,0.005,-0.021,-0.0115
237,04-06-2019,1646.68,908.482,1081.13,1036.55,-0.057,-0.04,-0.015,-0.0343
238,18-06-2019,1591.81,876.501,1034.94,996.845,-0.033,-0.035,-0.043,-0.0383
239,02-07-2019,1561.35,904.38,1035.04,992.672,-0.019,0.032,0,-0.0042
240,16-07-2019,1588.01,938.658,1072.31,1019.87,0.017,0.038,0.036,0.0274
241,06-08-2019,1507.16,923.597,1053.99,993.67,-0.051,-0.016,-0.017,-0.0257
242,20-08-2019,1451.66,921.199,1075.7,992.019,-0.037,-0.003,0.021,-0.0017
243,03-09-2019,1429.58,927.87,1066.87,988.343,-0.015,0.007,-0.008,-0.0037
244,17-09-2019,1437.99,959.829,1087.03,1007.81,0.006,0.034,0.019,0.0197
245,01-10-2019,1437.7,985.974,1084.37,1010.16,0,0.027,-0.002,0.0023
246,15-10-2019,1449.85,1010.03,1083.89,1015.27,0.008,0.024,0,0.0051
247,05-11-2019,1487.07,1078.11,1123.39,1052.45,0.026,0.067,0.036,0.0366
248,19-11-2019,1464.71,1113.24,1147.77,1070.53,-0.015,0.033,0.022,0.0172
249,03-12-2019,1389.47,1133.86,1148.59,1064.77,-0.051,0.019,0.001,-0.0054
250,17-12-2019,1385.69,1062.91,1071.81,1010.75,-0.003,-0.063,-0.067,-0.0507
251,07-01-2020,1417.39,1119.96,1090.02,1039.07,0.023,0.054,0.017,0.028
252,21-01-2020,1380.45,1127.58,1115.99,1056.26,-0.026,0.007,0.024,0.0165
253,04-02-2020,1318.35,1079.77,1046.85,1006.56,-0.045,-0.042,-0.062,-0.0471
254,18-02-2020,1246.1,1051.83,1019.6,977.661,-0.055,-0.026,-0.026,-0.0287
255,03-03-2020,1224.61,1018.67,1014.05,965.825,-0.017,-0.032,-0.005,-0.0121
256,17-03-2020,1236.85,935.758,971.407,928.596,0.01,-0.081,-0.042,-0.0385
257,07-04-2020,1241.69,928.359,991.672,939.735,0.004,-0.008,0.021,0.012
258,21-04-2020,1154.2,882.554,952.615,900.651,-0.07,-0.049,-0.039,-0.0416
259,05-05-2020,1126.3,883.069,954.004,893.303,-0.024,0.001,0.001,-0.0082
260,19-05-2020,1156.54,942.408,949.486,902.24,0.027,0.067,-0.005,0.01
261,02-06-2020,1123.01,937.609,969.345,902.726,-0.029,-0.005,0.021,0.0005
262,16-06-2020,1132.4,966.936,990.871,919.474,0.008,0.031,0.022,0.0186
263,07-07-2020,1130.69,1000.95,1129.13,995.909,-0.002,0.035,0.14,0.0831
264,21-07-2020,1098.92,995.686,1135.71,988.865,-0.028,-0.005,0.006,-0.0071
265,04-08-2020,1131.51,949.443,1050.68,938.539,0.03,-0.046,-0.075,-0.0509
266,18-08-2020,1098.86,960.334,1028.04,922.429,-0.029,0.011,-0.022,-0.0172
267,01-09-2020,1092.84,977.809,1007.34,913.483,-0.005,0.018,-0.02,-0.0097
268,15-09-2020,1114.91,1059.52,1039.73,946.732,0.02,0.084,0.032,0.0364
269,06-10-2020,1174.91,1050.35,1057.39,967.098,0.054,-0.009,0.017,0.0215
270,20-10-2020,1169.52,1047.79,1060.86,971.436,-0.005,-0.002,0.003,0.0045
271,03-11-2020,1139.14,1001.5,1039.92,952.261,-0.026,-0.044,-0.02,-0.0197
272,17-11-2020,1185.94,1026.1,1058.17,969.517,0.041,0.025,0.018,0.0181
273,01-12-2020,1217.22,1063.1,1111.29,1011.64,0.026,0.036,0.05,0.0435
274,15-12-2020,1239.79,1075.8,1116.54,1024.35,0.019,0.012,0.005,0.0126
275,05-01-2021,1307.95,1120.19,1151.52,1064.77,0.055,0.041,0.031,0.0395
276,19-01-2021,1533.49,1198.6,1176.86,1116.23,0.172,0.07,0.022,0.0483
277,02-02-2021,1553.52,1181.06,1204.22,1136.32,0.013,-0.015,0.023,0.018
278,16-02-2021,1570.37,1184.08,1256.6,1170.11,0.011,0.003,0.043,0.0297
279,02-03-2021,1686.77,1225.04,1520.38,1345.81,0.074,0.035,0.21,0.1502
280,16-03-2021,1748.54,1234.2,1425.64,1295.16,0.037,0.007,-0.062,-0.0376
281,06-04-2021,1762.24,1241.52,1425.76,1298.98,0.008,0.006,0,0.0029
282,20-04-2021,1704.41,1241.75,1432.12,1298.06,-0.033,0,0.004,-0.0007
283,04-05-2021,1632.95,1267.13,1442.62,1289.57,-0.042,0.02,0.007,-0.0065
284,18-05-2021,1630.88,1275.82,1440.13,1287.37,-0.001,0.007,-0.002,-0.0017
285,01-06-2021,1617.69,1269.99,1432.74,1275.64,-0.008,-0.005,-0.005,-0.0091
286,15-06-2021,1627.21,1248.61,1406.65,1259.17,0.006,-0.017,-0.018,-0.0129
287,06-07-2021,1612.72,1161.68,1364.1,1214.25,-0.009,-0.07,-0.03,-0.0357
288,20-07-2021,1608.63,1101.81,1312.81,1179.04,-0.003,-0.052,-0.038,-0.029
289,03-08-2021,1629.87,1118.44,1263.25,1167.09,0.013,0.015,-0.038,-0.0101
290,17-08-2021,1654.99,1130.2,1244.18,1170.24,0.015,0.011,-0.015,0.0027
291,07-09-2021,1705.92,1212.34,1285.16,1216.8,0.031,0.073,0.033,0.0398
292,21-09-2021,1705.6076,1223.7572,1313.9097,1229.1467,0,0.009,0.022,0.0101
293,05-10-2021,1712.3696,1230.1503,1308.2606,1229.3692,0.004,0.005,-0.004,0.0002
294,19-10-2021,1754.67,1261.05,1327.71,1256.33,0.025,0.025,0.015,0.0219
295,02-11-2021,1828.0446,1343.8883,1363.163,1310.3079,0.042,0.066,0.027,0.043
296,16-11-2021,1852.55,1362.44,1388.93,1334.79,0.013,0.014,0.019,0.0187
297,07-12-2021,1907.65,1380.13,1396.76,1353.72,0.03,0.013,0.006,0.0142
298,21-12-2021,1924.54,1388.34,1351.18,1332.92,0.009,0.006,-0.033,-0.0154
299,04-01-2022,1910.61,1402.04,1351.31,1336.31,-0.007,0.01,0,0.0025
300,18-01-2022,1922.85,1472.55,1426.95,1397.31,0.006,0.05,0.056,0.0456
301,01-02-2022,1949.47,1503.03,1509.55,1455.09,0.014,0.021,0.058,0.0414
302,15-02-2022,1972.99,1593.21,1572.98,1516.07,0.012,0.06,0.042,0.0419
303,01-03-2022,2015.15,1668.68,1662.3,1593.39,0.021,0.047,0.057,0.051
304,15-03-2022,2023.18,1694.68,1626.96,1578.82,0.004,0.016,-0.021,-0.0091
305,05-04-2022,1972.26,1712.42,1601.89,1563.64,-0.025,0.01,-0.015,-0.0096
306,19-04-2022,1946.74,1640.5,1532.08,1506.67,-0.013,-0.042,-0.044,-0.0364
307,03-05-2022,1711.16,1533.55,1431.76,1379.12,-0.121,-0.065,-0.065,-0.0847
308,17-05-2022,1720.58,1524.76,1361.57,1339.59,0.006,-0.006,-0.049,-0.0287
309,07-06-2022,1766.31,1570.99,1357.74,1359.44,0.027,0.03,-0.003,0.0148
310,21-06-2022,1683.99,1586.75,1349.6,1342.39,-0.047,0.01,-0.006,-0.0125
311,05-07-2022,1631.56,1503.99,1305.63,1287.45,-0.031,-0.052,-0.033,-0.0409
312,19-07-2022,1597.36,1373.92,1238.8,1223.22,-0.021,-0.086,-0.051,-0.0499
313,02-08-2022,1575.15,1301.73,1163.84,1162.52,-0.014,-0.053,-0.061,-0.0496
